IML,RC_MR_PC.lossRatio,RC_MR_PC.coefficientsVariation
0.012709252,2.26777E-05,0.3
0.015015292,5.01557E-05,0.3
0.017739753,0.000106568,0.3
0.020958556,0.000217455,0.3
0.024761398,0.000425927,0.3
0.029254249,0.000800485,0.3
0.034562308,0.001443484,0.3
0.040833493,0.002499043,0.3
0.048242558,0.004172373,0.3
0.056995966,0.006937198,0.3
0.067337643,0.012364464,0.3
0.079555774,0.018078916,0.3
0.093990833,0.024236696,0.3
0.111045073,0.031536701,0.3
0.131193732,0.039967469,0.3
0.15499828,0.050990315,0.3
0.183122063,0.064608926,0.3
0.216348787,0.079691302,0.3
0.255604361,0.101084874,0.3
0.301982692,0.132738353,0.3
0.356776175,0.178944012,0.3
0.421511704,0.2432687,0.3
0.497993221,0.326995721,0.3
0.588351986,0.429110301,0.3
0.695105968,0.547754095,0.3
0.821230008,0.675286102,0.3
0.970238722,0.780986143,0.3
1.146284438,0.868303515,0.3
1.354272905,0.924402245,0.3
1.6,0.958844801,0.3
