IML,M1_LR_C.lossRatio,M1_LR_C.coefficientsVariation
0.012709252,0.00057441,0.3
0.015015292,0.000973152,0.3
0.017739753,0.001611711,0.3
0.020958556,0.002609743,0.3
0.024761398,0.004132188,0.3
0.029254249,0.006399023,0.3
0.034562308,0.009693732,0.3
0.040833493,0.014368718,0.3
0.048242558,0.020845618,0.3
0.056995966,0.029608461,0.3
0.067337643,0.041188009,0.3
0.079555774,0.056136402,0.3
0.093990833,0.07499246,0.3
0.111045073,0.098239457,0.3
0.131193732,0.126258678,0.3
0.15499828,0.159283355,0.3
0.183122063,0.197358281,0.3
0.216348787,0.2403104,0.3
0.255604361,0.287734829,0.3
0.301982692,0.338999207,0.3
0.356776175,0.393267178,0.3
0.421511704,0.449539541,0.3
0.497993221,0.506709503,0.3
0.588351986,0.563626885,0.3
0.695105968,0.619165172,0.3
0.821230008,0.672285231,0.3
0.970238722,0.722090085,0.3
1.146284438,0.767866401,0.3
1.354272905,0.809109948,0.3
1.6,0.845534087,0.3
