IML,RC_HR_C.lossRatio,RC_HR_C.coefficientsVariation
0.012709252,1.49826E-05,0.3
0.015015292,3.69066E-05,0.3
0.017739753,8.98324E-05,0.3
0.020958556,0.000211453,0.3
0.024761398,0.000474388,0.3
0.029254249,0.001004949,0.3
0.034562308,0.001998641,0.3
0.040833493,0.003719325,0.3
0.048242558,0.006472535,0.3
0.056995966,0.010642408,0.3
0.067337643,0.017244699,0.3
0.079555774,0.027646794,0.3
0.093990833,0.038093569,0.3
0.111045073,0.047190806,0.3
0.131193732,0.058846499,0.3
0.15499828,0.075632952,0.3
0.183122063,0.104416382,0.3
0.216348787,0.148559599,0.3
0.255604361,0.222514859,0.3
0.301982692,0.281568559,0.3
0.356776175,0.331738719,0.3
0.421511704,0.379852843,0.3
0.497993221,0.429561331,0.3
0.588351986,0.480721144,0.3
0.695105968,0.533109166,0.3
0.821230008,0.586260827,0.3
0.970238722,0.63980167,0.3
1.146284438,0.692881949,0.3
1.354272905,0.742938837,0.3
1.6,0.787965684,0.3
