IML,M2_LR_PC.lossRatio,M2_LR_PC.coefficientsVariation
0.012709252,0.002214598,0.3
0.015015292,0.003364282,0.3
0.017739753,0.005022171,0.3
0.020958556,0.007368201,0.3
0.024761398,0.010626155,0.3
0.029254249,0.015066577,0.3
0.034562308,0.021006862,0.3
0.040833493,0.028807513,0.3
0.048242558,0.038863687,0.3
0.056995966,0.051591429,0.3
0.067337643,0.067408467,0.3
0.079555774,0.086710038,0.3
0.093990833,0.109840888,0.3
0.111045073,0.137065313,0.3
0.131193732,0.168537666,0.3
0.15499828,0.204276161,0.3
0.183122063,0.244142884,0.3
0.216348787,0.287832648,0.3
0.255604361,0.334872724,0.3
0.301982692,0.384634505,0.3
0.356776175,0.436357027,0.3
0.421511704,0.489181012,0.3
0.497993221,0.542190982,0.3
0.588351986,0.594462048,0.3
0.695105968,0.645107482,0.3
0.821230008,0.69332306,0.3
0.970238722,0.738424577,0.3
1.146284438,0.77987565,0.3
1.354272905,0.817304072,0.3
1.6,0.850506122,0.3
