IML,RC_MR_C.lossRatio,RC_MR_C.coefficientsVariation,M2_MR_PC.lossRatio,M2_MR_PC.coefficientsVariation,M2_MR_C.lossRatio,M2_MR_C.coefficientsVariation
0.012709252,4.17814E-05,0.3,0.000544773,0.3,0.000235381,0.3
0.015015292,9.73017E-05,0.3,0.000915623,0.3,0.000426596,0.3
0.017739753,0.000215372,0.3,0.001503741,0.3,0.000751535,0.3
0.020958556,0.000452398,0.3,0.002414148,0.3,0.001287625,0.3
0.024761398,0.000900727,0.3,0.003790356,0.3,0.002146737,0.3
0.029254249,0.001697837,0.3,0.005822674,0.3,0.003484827,0.3
0.034562308,0.003026601,0.3,0.008755912,0.3,0.005511617,0.3
0.040833493,0.005108338,0.3,0.012895373,0.3,0.008499103,0.3
0.048242558,0.008243514,0.3,0.018609807,0.3,0.012787332,0.3
0.056995966,0.012795422,0.3,0.026329904,0.3,0.018785723,0.3
0.067337643,0.018827548,0.3,0.036540952,0.3,0.026968267,0.3
0.079555774,0.027064023,0.3,0.049768501,0.3,0.037861158,0.3
0.093990833,0.037382547,0.3,0.066556329,0.3,0.052021939,0.3
0.111045073,0.047317559,0.3,0.087436651,0.3,0.070009949,0.3
0.131193732,0.056826224,0.3,0.112893294,0.3,0.092348785,0.3
0.15499828,0.067505512,0.3,0.143319527,0.3,0.119482624,0.3
0.183122063,0.081071078,0.3,0.178973167,0.3,0.151729446,0.3
0.216348787,0.098831113,0.3,0.21993252,0.3,0.189235397,0.3
0.255604361,0.121963615,0.3,0.266057458,0.3,0.231935411,0.3
0.301982692,0.152652728,0.3,0.316960475,0.3,0.279525531,0.3
0.356776175,0.194491329,0.3,0.371992674,0.3,0.331451832,0.3
0.421511704,0.248580089,0.3,0.43024926,0.3,0.3869194,0.3
0.497993221,0.313622184,0.3,0.490597905,0.3,0.444922573,0.3
0.588351986,0.399339052,0.3,0.551731301,0.3,0.504294958,0.3
0.695105968,0.512517966,0.3,0.612242229,0.3,0.563775232,0.3
0.821230008,0.638656346,0.3,0.670715787,0.3,0.622082694,0.3
0.970238722,0.761162616,0.3,0.725829827,0.3,0.677995483,0.3
1.146284438,0.866966995,0.3,0.776451856,0.3,0.73042417,0.3
1.354272905,0.932052309,0.3,0.821719709,0.3,0.778474045,0.3
1.6,0.967401774,0.3,0.861094789,0.3,0.821490671,0.3
